round_id,scene_id,qx,qy,qz,qw,x,y,z,width,score,label,integration_time,planning_time
0,eb16b794b21a491f8bf6ae123bdc2e6f,0.8639879212501694,-0.38845649297842966,-0.21045355464243537,-0.2415278997032719,0.1350000020116568,0.1425000021234155,0.12000000178813935,0.034244357049465185,0.9543197,1,0.005597829818725586,0.61883544921875
0,3ec9dacbf1ff4afdb2a9c23f93fc556d,0.917026646305108,0.26690319393551704,0.18854877503228998,-0.22863546196346898,0.06749999821186067,0.1125000022351742,0.10500000268220903,0.034244357049465185,0.89684296,1,0.05409741401672363,0.03412199020385742
0,fa89ddb9455b4ba4add71354db28775c,0.9228875278713206,0.35325889407852157,0.1192274866897828,-0.09628899766650414,0.1799999959766865,0.1425000021234155,0.1125000022351742,0.03764547854661942,0.9365069,1,0.009767770767211914,0.03564572334289551
0,617b11707f3f4965920c032966ea2afb,0.842972746446367,-0.07438807855227828,0.5302033963906267,0.05241870824250647,0.05999999642372132,0.19499999731779102,0.0900000035762787,0.04158928692340851,0.9130711,1,0.011649847030639648,0.03414559364318848
0,6e543150d82943a691fe38d7e825b2f5,0.7545597372454619,0.038435197445703895,0.6546342216038686,-0.02482688926277766,0.1425000021234155,0.2549999982118607,0.0900000035762787,0.03904126435518265,0.7063133,0,0.022099971771240234,0.033533573150634766
0,62714e9009cd4511b89fd24912f81119,0.8361522848479681,-0.4219642724711146,-0.26136754996426065,-0.23341489482705444,0.17249999642372135,0.2174999982118607,0.10500000268220903,0.03869478106498719,0.9440322,1,0.01723933219909668,0.03632855415344238
1,6cfd343c6cd749ca8e05c5fabfde125a,0.7525314916712272,-0.4470075802355275,-0.4025903168122781,-0.2679582319393184,0.1425000021234155,0.08250000178813935,0.10500000268220903,0.04378564953804017,0.92991936,1,0.014882087707519531,0.034139156341552734
1,0007ca131f214162b390215de8aedb5d,0.7140671516249453,0.5089270405115908,0.4134211485461892,-0.24532493623987892,0.09750000089406968,0.09750000089406968,0.09750000089406968,0.035906767845153814,0.6993527,1,0.016460418701171875,0.03438568115234375
