round_id,scene_id,qx,qy,qz,qw,x,y,z,width,score,label,integration_time,planning_time
0,5f8c62f485c64c719f494be9b3034ef0,0.8639875873875127,-0.38845701030297375,-0.2104539627626235,-0.2415279063468416,0.1350000020116568,0.1425000021234155,0.12000000178813935,0.034244357049465185,0.9543197,1,0.016607046127319336,0.45800137519836426
0,45b6ca0ad209462381c83963287e9bd5,0.887502090145007,0.37066749893326245,0.17821409420807757,-0.2078109281255392,0.06749999821186067,0.1125000022351742,0.10500000268220903,0.034244357049465185,0.8978672,1,0.017050504684448242,0.03716540336608887
0,0a36e1cc41104ec0a6787e989b1ac73d,0.9229016114244712,0.3532387839638775,0.11917579674044888,-0.09629177849180459,0.1799999959766865,0.1425000021234155,0.1125000022351742,0.037645550072193154,0.9365196,1,0.014251708984375,0.03482389450073242
0,33facabb3e28450bbc24df45d885ff11,0.8429729139973814,-0.07438785404097044,0.5302031508880329,0.05241881557555886,0.05999999642372132,0.19499999731779102,0.0900000035762787,0.041589300334453586,0.9130707,1,0.016579627990722656,0.03747725486755371
0,5f1e559f8e8b4796906ea04b3f3007eb,0.7545599220771533,0.0384361812288551,0.6546338691968403,-0.024829040815889873,0.1425000021234155,0.2549999982118607,0.0900000035762787,0.039041286706924444,0.7063138,0,0.01659250259399414,0.03994488716125488
0,0fe0bd3ecbee439d83b206c6409bcd6d,0.8361495322902164,-0.42198077781327165,-0.2613613663540967,-0.23340184014801227,0.17249999642372135,0.2174999982118607,0.10500000268220903,0.038706435263156896,0.9440102,1,0.016008615493774414,0.032501220703125
