round_id,scene_id,qx,qy,qz,qw,x,y,z,width,score,label,integration_time,planning_time
0,c0cbef544d6d47b7b997f72fb71e0330,0.863987414043771,-0.38845731378914305,-0.21045387507050706,-0.2415281147309529,0.1350000020116568,0.1425000021234155,0.12000000178813935,0.034244357049465185,0.9543197,1,0.011894464492797852,0.4759063720703125
0,053c957f1b0643ce9103bda57d870772,0.9170227659907588,0.2669141892425581,0.18855071094703857,-0.22863659295268587,0.06749999821186067,0.1125000022351742,0.10500000268220903,0.034244357049465185,0.8968425,1,0.015753507614135742,0.03518962860107422
0,8287b7533f9a4c22943f9a306d23c143,0.9228880801698467,0.3532581779051979,0.11922513460445476,-0.09628924395831454,0.1799999959766865,0.1425000021234155,0.1125000022351742,0.03764544725418091,0.93650794,1,0.005133867263793945,0.03431892395019531
0,701f237782c845799597170e284dc4b0,0.8429727276891373,-0.07438755316561375,0.5302035412916641,0.052418289824708274,0.05999999642372132,0.19499999731779102,0.0900000035762787,0.041589260101318366,0.9130715,1,0.0058746337890625,0.03539896011352539
0,820d19d8892c454a8164a187233b0031,0.7545606326700671,0.03844224948910017,0.6546323154307965,-0.024839015127011713,0.1425000021234155,0.2549999982118607,0.0900000035762787,0.039041255414485936,0.70631295,0,0.01680588722229004,0.03661990165710449
0,29a9298379d640d69763653c43f15fb6,0.8361519002482709,-0.421978414961933,-0.26135892866271965,-0.2334003586665964,0.17249999642372135,0.2174999982118607,0.10500000268220903,0.038707959651947024,0.94400877,1,0.004759311676025391,0.03540682792663574
