round_id,scene_id,qx,qy,qz,qw,x,y,z,width,score,label,integration_time,planning_time
1,edb53e416ddc4aaf86cb003f7dd7b8ed,0.840498804126809,-0.04116190965442029,0.5394662016690374,0.029046079112113442,0.02999999821186066,0.17249999642372135,0.08250000178813935,0.022291696071624758,0.88340336,1,0.012320280075073242,0.03900647163391113
