{"tvec": [0.11602375062863239, -0.1306770621636981, 0.4677094822058348], "quaternion": [0.005481881376027056, -0.999798587044692, 0.019108613386495558, 0.0027559416651847138]}