{"tvec": [0.1262045198284509, -0.12602212564957002, 0.4661525973162503], "quaternion": [0.03838691875060999, -0.9990172403807513, 0.021936516128519764, 0.003128442265005569]}