{"tvec": [0.12237165344626395, -0.13179031991197612, 0.4719273519573767], "quaternion": [0.012570375700906408, -0.9995716310479662, 0.006605982534729125, 0.02559103463320121]}