{"tvec": [0.15626439442568038, -0.11867892529586604, 0.4485968149511772], "quaternion": [0.011441545665415376, 0.9997501664018178, 0.015464511860558463, -0.011381769864062448]}